Magnitud,Latitud,Longitud,Profundidad,Estatus,Fecha Hora,Fecha Hora UTC,Estado,Referencia Distancia,Referencia Direccion,Referencia Localidad
7.4,20.0,-105.0,33.0,revisado,1900-01-20 00:33:30,1900-01-20 06:33:30,JAL,71,NOROESTE,AUTLAN DE NAVARRO
6.9,20.0,-105.0,33.0,revisado,1900-05-16 14:12:00,1900-05-16 20:12:00,JAL,71,NOROESTE,AUTLAN DE NAVARRO
6.9,25.0,-110.0,33.0,revisado,1901-03-05 04:45:00,1901-03-05 10:45:00,BCS,100,NORESTE,LA PAZ
7.0,26.0,-110.0,33.0,revisado,1901-12-08 20:17:00,1901-12-09 02:17:00,SIN,83,OESTE,AHOME
7.0,17.6,-99.7,33.0,revisado,1902-01-16 17:19:00,1902-01-16 23:19:00,GRO,21,OESTE,ZUMPANGO DEL RIO
7.5,14.9,-91.5,25.0,revisado,1902-04-18 20:23:00,1902-04-19 02:23:00,CHIS,72,ESTE,CACAHOATAN
7.7,16.5,-92.5,25.0,revisado,1902-09-23 14:18:00,1902-09-23 20:18:00,CHIS,5,SUROESTE,TEOPISCA
7.1,29.0,-114.0,33.0,revisado,1902-12-12 17:10:00,1902-12-12 23:10:00,BCS,115,NORTE,GUERRERO NEGRO
7.6,15.0,-93.0,33.0,revisado,1903-01-13 19:47:36,1903-01-14 01:47:36,CHIS,50,SUR,MAPASTEPEC
6.6,20.0,-110.0,33.0,revisado,1905-10-24 11:40:00,1905-10-24 17:40:00,BCS,320,SUR,CABO SAN LUCAS
7.1,17.0,-113.0,33.0,revisado,1905-12-16 23:27:00,1905-12-17 05:27:00,BCS,727,SUROESTE,CABO SAN LUCAS
7.1,20.0,-110.0,33.0,revisado,1906-04-10 15:18:00,1906-04-10 21:18:00,BCS,320,SUR,CABO SAN LUCAS
7.6,16.7,-99.2,33.0,revisado,1907-04-15 00:08:06,1907-04-15 06:08:06,GRO,23,SURESTE,SAN MARCOS
7.1,28.0,-112.5,10.0,revisado,1907-10-16 08:57:18,1907-10-16 14:57:18,BCS,77,NOROESTE,SANTA ROSALIA
7.5,16.7,-99.2,33.0,revisado,1908-03-26 17:03:30,1908-03-26 23:03:30,GRO,23,SURESTE,SAN MARCOS
7.0,17.0,-101.0,33.0,revisado,1908-03-26 21:45:30,1908-03-27 03:45:30,GRO,46,SUROESTE,TECPAN
6.9,18.0,-102.0,33.0,revisado,1908-10-12 23:06:00,1908-10-13 05:06:00,MICH,23,ESTE,LAS GUACAMAYAS
7.2,16.8,-99.9,33.0,revisado,1909-07-30 04:51:54,1909-07-30 10:51:54,GRO,8,SUR,ACAPULCO
6.9,16.6,-99.5,33.0,revisado,1909-07-31 12:43:10,1909-07-31 18:43:10,GRO,20,SUROESTE,SAN MARCOS
6.6,16.5,-99.7,33.0,revisado,1909-09-05 05:17:20,1909-09-05 11:17:20,GRO,42,SURESTE,ACAPULCO
6.9,17.0,-101.2,33.0,revisado,1909-10-31 04:23:00,1909-10-31 10:23:00,GRO,60,SUR,PETATLAN
6.5,16.7,-99.2,33.0,revisado,1910-05-30 22:19:19,1910-05-31 04:19:19,GRO,23,SURESTE,SAN MARCOS
7.6,17.5,-102.5,33.0,revisado,1911-06-07 05:02:42,1911-06-07 11:02:42,MICH,59,SUROESTE,CD LAZARO CARDENAS
7.5,16.9,-100.7,50.0,revisado,1911-12-16 13:14:18,1911-12-16 19:14:18,GRO,36,SUR,TECPAN
7.0,15.5,-93.0,33.0,revisado,1912-12-09 02:32:24,1912-12-09 08:32:24,CHIS,13,NOROESTE,MAPASTEPEC
7.0,32.0,-115.0,10.0,revisado,1915-11-20 18:13:22,1915-11-21 00:13:22,BC,33,SURESTE,GPE VICTORIA(KM.43)
6.8,18.0,-100.0,33.0,revisado,1916-11-21 00:25:24,1916-11-21 06:25:24,GRO,43,SUROESTE,TELOLOAPAN
6.9,15.0,-97.0,33.0,revisado,1917-12-29 16:50:20,1917-12-29 22:50:20,OAX,96,SUR,PUERTO ESCONDIDO
6.8,27.0,-111.0,33.0,revisado,1918-05-23 05:57:30,1918-05-23 11:57:30,SON,102,SUR,H GUAYMAS
6.6,18.7,-103.3,33.0,revisado,1918-06-07 15:27:06,1918-06-07 21:27:06,MICH,17,SUROESTE,COALCOMAN
6.9,14.5,-91.8,33.0,revisado,1919-04-17 14:53:03,1919-04-17 20:53:03,CHIS,48,SURESTE,CD HIDALGO
6.5,18.2,-103.3,33.0,revisado,1921-04-21 14:01:36,1921-04-21 20:01:36,MICH,65,SUR,COALCOMAN
6.7,24.0,-108.5,33.0,revisado,1922-06-11 22:47:44,1922-06-12 04:47:44,SIN,117,SUROESTE,NAVOLATO
7.0,18.0,-107.0,33.0,revisado,1925-11-16 05:54:54,1925-11-16 11:54:54,JAL,291,SUROESTE,CIHUATLAN
7.0,15.5,-92.5,33.0,revisado,1925-12-10 08:14:42,1925-12-10 14:14:42,CHIS,31,NOROESTE,MOTOZINTLA
7.5,15.7,-96.1,33.0,revisado,1928-03-21 22:17:30,1928-03-22 04:17:30,OAX,12,SURESTE,CRUCECITA
7.6,16.3,-96.7,33.0,revisado,1928-06-16 21:19:28,1928-06-17 03:19:28,OAX,11,OESTE,MIAHUATLAN
7.4,16.8,-97.6,33.0,revisado,1928-08-04 12:28:17,1928-08-04 18:28:17,OAX,49,SUR,H TLAXIACO
7.5,16.3,-97.3,33.0,revisado,1928-10-08 21:01:08,1928-10-09 03:01:08,OAX,35,NORESTE,RIO GRANDE
6.7,19.0,-107.0,33.0,revisado,1931-01-02 03:49:02,1931-01-02 09:49:02,JAL,257,SUROESTE,PUERTO VALLARTA
7.8,16.3,-96.9,40.0,revisado,1931-01-14 19:50:40,1931-01-15 01:50:40,OAX,30,OESTE,MIAHUATLAN
8.2,19.6,-104.4,33.0,revisado,1932-06-03 04:36:52,1932-06-03 10:36:52,JAL,4,SURESTE,CASIMIRO CASTILLO
7.8,19.5,-103.5,33.0,revisado,1932-06-18 04:12:10,1932-06-18 10:12:10,JAL,14,SUROESTE,TUXPAN
6.9,18.7,-104.7,33.0,revisado,1932-06-22 06:59:28,1932-06-22 12:59:28,COL,52,SUROESTE,MANZANILLO
6.7,29.0,-113.0,33.0,revisado,1932-07-07 10:15:51,1932-07-07 16:15:51,SON,149,OESTE,M ALEMAN(LA DOCE)
6.7,26.5,-110.0,33.0,revisado,1932-07-12 13:24:10,1932-07-12 19:24:10,SON,51,SUROESTE,HUATABAMPO
6.9,18.9,-103.9,33.0,revisado,1932-07-25 03:12:46,1932-07-25 09:12:46,COL,7,SUROESTE,TECOMAN
6.8,19.0,-104.0,33.0,revisado,1932-12-07 10:22:09,1932-12-07 16:22:09,COL,8,NOROESTE,CD DE ARMERIA
6.6,19.5,-105.0,33.0,revisado,1933-04-08 21:58:17,1933-04-09 03:58:17,JAL,54,NOROESTE,CIHUATLAN
6.9,17.5,-101.0,33.0,revisado,1933-05-08 04:33:40,1933-05-08 10:33:40,GRO,29,ESTE,PETATLAN
6.8,17.0,-100.0,33.0,revisado,1934-01-28 13:10:03,1934-01-28 19:10:03,GRO,9,ESTE,COYUCA DE BENITEZ
7.0,19.0,-105.3,33.0,revisado,1934-11-29 20:05:16,1934-11-30 02:05:16,JAL,83,SUROESTE,CIHUATLAN
7.1,32.0,-114.8,33.0,revisado,1934-12-31 12:45:45,1934-12-31 18:45:45,BC,46,SURESTE,GPE VICTORIA(KM.43)
6.9,18.8,-103.5,33.0,revisado,1935-06-29 00:48:54,1935-06-29 06:48:54,MICH,36,OESTE,COALCOMAN
7.3,14.8,-92.5,33.0,revisado,1935-12-14 16:05:17,1935-12-14 22:05:17,CHIS,31,SUROESTE,TAPACHULA
7.4,17.1,-98.1,33.0,revisado,1937-12-23 07:17:58,1937-12-23 13:17:58,OAX,46,SUROESTE,H TLAXIACO
6.5,15.7,-97.8,33.0,revisado,1937-12-25 00:03:25,1937-12-25 06:03:25,OAX,54,SUROESTE,RIO GRANDE
6.7,29.5,-113.5,33.0,revisado,1939-05-02 07:14:47,1939-05-02 13:14:47,BCS,179,NORESTE,GUERRERO NEGRO
6.7,14.5,-91.5,33.0,revisado,1939-12-05 02:30:07,1939-12-05 08:30:07,CHIS,73,SURESTE,CD HIDALGO
7.1,32.7,-115.5,33.0,revisado,1940-05-18 22:36:41,1940-05-19 04:36:41,BC,5,NOROESTE,MEXICALI
7.6,18.9,-102.9,33.0,revisado,1941-04-15 13:09:51,1941-04-15 19:09:51,MICH,25,NORESTE,COALCOMAN
7.9,14.8,-91.3,50.0,revisado,1942-08-06 17:36:59,1942-08-06 23:36:59,CHIS,93,ESTE,CD HIDALGO
7.4,17.6,-101.1,33.0,revisado,1943-02-22 03:20:45,1943-02-22 09:20:45,GRO,20,NORESTE,PETATLAN
6.5,17.0,-101.0,33.0,revisado,1944-01-10 14:09:52,1944-01-10 20:09:52,GRO,46,SUROESTE,TECPAN
7.1,15.0,-92.5,33.0,revisado,1944-06-28 01:58:54,1944-06-28 07:58:54,CHIS,16,SUR,HUIXTLA
6.8,27.0,-111.0,33.0,revisado,1945-06-27 07:08:20,1945-06-27 13:08:20,SON,102,SUR,H GUAYMAS
6.7,17.0,-115.0,33.0,revisado,1945-06-29 23:31:18,1945-06-30 05:31:18,BCS,841,SUROESTE,CABO SAN LUCAS
6.9,22.0,-106.5,33.0,revisado,1948-12-03 18:22:48,1948-12-04 00:22:48,NAY,116,SUROESTE,TECUALA
7.0,19.0,-107.0,60.0,revisado,1950-09-29 00:32:20,1950-09-29 06:32:20,JAL,257,SUROESTE,PUERTO VALLARTA
6.6,17.7,-106.0,33.0,revisado,1950-10-21 03:42:58,1950-10-21 09:42:58,JAL,225,SUROESTE,CIHUATLAN
7.2,14.3,-91.8,33.0,revisado,1950-10-23 10:13:20,1950-10-23 16:13:20,CHIS,56,SURESTE,CD HIDALGO
6.6,17.5,-100.5,33.0,revisado,1950-11-17 13:28:23,1950-11-17 19:28:23,GRO,33,NORTE,ATOYAC DE ALVAREZ
7.2,17.2,-98.1,33.0,revisado,1950-12-14 08:15:50,1950-12-14 14:15:50,OAX,47,OESTE,H TLAXIACO
6.8,16.9,-98.7,33.0,revisado,1951-12-28 03:20:26,1951-12-28 09:20:26,GRO,39,NOROESTE,OMETEPEC
6.7,16.4,-98.9,33.0,revisado,1953-12-01 09:18:33,1953-12-01 15:18:33,GRO,57,SUROESTE,OMETEPEC
7.0,28.5,-113.0,33.0,revisado,1954-04-29 05:34:34,1954-04-29 11:34:34,BCS,120,NORESTE,GUERRERO NEGRO
6.6,25.0,-110.0,33.0,revisado,1955-04-05 09:09:15,1955-04-05 15:09:15,BCS,100,NORESTE,LA PAZ
6.6,14.0,-91.0,60.0,revisado,1955-08-28 14:13:30,1955-08-28 20:13:30,CHIS,145,SURESTE,CD HIDALGO
6.7,31.9,-115.8,33.0,revisado,1956-02-09 08:32:39,1956-02-09 14:32:39,BC,75,ESTE,RODOLFO SANCHEZ T(MRO)
6.7,15.5,-98.3,33.0,revisado,1957-04-09 23:12:09,1957-04-10 05:12:09,OAX,93,SUR,PINOTEPA NACIONAL
7.8,17.1,-99.1,33.0,revisado,1957-07-28 02:40:10,1957-07-28 08:40:10,GRO,47,NORESTE,SAN MARCOS
6.6,13.5,-92.7,25.0,revisado,1961-09-01 12:50:34,1961-09-01 18:50:34,CHIS,141,SUROESTE,CD HIDALGO
7.1,17.3,-99.6,33.0,revisado,1962-05-11 08:11:57,1962-05-11 14:11:57,GRO,34,SUR,CHILPANCINGO
7.0,17.1,-99.6,33.0,revisado,1962-05-19 08:58:10,1962-05-19 14:58:10,GRO,41,NOROESTE,SAN MARCOS
6.5,29.7,-113.7,7.0,revisado,1963-11-18 08:38:26,1963-11-18 14:38:26,SON,182,SUR,PUERTO PEÑASCO
6.5,26.3,-110.3,10.0,revisado,1964-07-05 20:14:37,1964-07-06 02:14:37,SON,85,SUROESTE,HUATABAMPO
7.2,18.0,-100.8,55.0,revisado,1964-07-06 01:22:13,1964-07-06 07:22:13,GRO,38,SUROESTE,CD ALTAMIRANO
7.4,16.2,-95.9,12.0,revisado,1965-08-23 13:46:02,1965-08-23 19:46:02,OAX,53,NORESTE,CRUCECITA
6.5,17.2,-100.1,65.0,revisado,1965-12-09 00:07:51,1965-12-09 06:07:51,GRO,27,NORTE,COYUCA DE BENITEZ
6.7,17.5,-100.3,62.0,revisado,1968-07-01 21:44:52,1968-07-02 03:44:52,GRO,38,NORESTE,ATOYAC DE ALVAREZ
7.3,16.6,-97.8,16.0,revisado,1968-08-02 08:06:37,1968-08-02 14:06:37,OAX,39,NORESTE,PINOTEPA NACIONAL
6.6,15.2,-94.8,23.0,revisado,1968-11-28 04:36:08,1968-11-28 10:36:08,OAX,114,SURESTE,SALINA CRUZ
6.5,25.3,-109.2,15.0,revisado,1969-08-17 14:13:09,1969-08-17 20:13:09,SIN,65,SUROESTE,LOS MOCHIS
6.7,25.1,-109.6,15.0,revisado,1969-08-17 14:15:00,1969-08-17 20:15:00,SIN,93,SUROESTE,LOS MOCHIS
6.6,23.1,-108.0,10.0,revisado,1969-11-01 05:08:22,1969-11-01 11:08:22,SIN,144,SUROESTE,LA CRUZ
6.6,15.5,-99.5,21.0,revisado,1970-02-03 23:08:50,1970-02-04 05:08:50,GRO,141,SUR,SAN MARCOS
7.3,14.5,-92.7,44.0,revisado,1970-04-29 08:01:34,1970-04-29 14:01:34,CHIS,62,SUROESTE,CD HIDALGO
6.5,14.6,-93.3,22.0,revisado,1970-04-30 02:32:58,1970-04-30 08:32:58,CHIS,100,SUROESTE,MAPASTEPEC
6.5,26.9,-110.8,14.0,revisado,1971-09-30 02:18:00,1971-09-30 08:18:00,SON,92,SUROESTE,PUEBLO YAQUI
6.6,18.7,-106.8,10.0,revisado,1972-10-20 02:17:46,1972-10-20 08:17:46,JAL,238,OESTE,CIHUATLAN
6.5,15.5,-95.0,14.0,revisado,1972-11-12 22:43:45,1972-11-13 04:43:45,OAX,73,SUR,SALINA CRUZ
7.6,18.4,-103.0,24.0,revisado,1973-01-30 15:01:12,1973-01-30 21:01:12,MICH,43,SURESTE,COALCOMAN
6.5,29.3,-113.5,5.0,revisado,1975-07-08 03:37:25,1975-07-08 09:37:25,BCS,160,NORESTE,GUERRERO NEGRO
7.5,15.3,-89.2,13.0,revisado,1976-02-04 03:01:46,1976-02-04 09:01:46,CHIS,319,ESTE,FRONTERA COMALAPA
6.5,17.4,-100.7,57.0,revisado,1976-06-07 08:26:42,1976-06-07 14:26:42,GRO,21,NOROESTE,TECPAN
6.6,17.0,-99.7,44.0,revisado,1978-03-18 19:39:16,1978-03-19 01:39:16,GRO,24,NORESTE,ACAPULCO
6.5,12.8,-87.3,49.0,revisado,1978-05-30 19:07:21,1978-05-31 01:07:21,CHIS,567,SURESTE,CD HIDALGO
7.6,16.0,-96.6,23.0,revisado,1978-11-29 13:52:50,1978-11-29 19:52:50,OAX,32,NOROESTE,S PEDRO POCHUTLA
6.6,17.4,-100.9,23.0,revisado,1979-01-26 04:04:31,1979-01-26 10:04:31,GRO,34,NOROESTE,TECPAN
7.4,17.8,-101.3,25.0,revisado,1979-03-14 05:07:15,1979-03-14 11:07:15,GRO,24,NORTE,PETATLAN
6.5,32.8,-115.7,14.0,revisado,1979-10-15 17:17:00,1979-10-15 23:17:00,BC,19,NOROESTE,SANTA ISABEL
6.8,13.9,-90.9,64.0,revisado,1979-10-27 08:36:00,1979-10-27 14:36:00,CHIS,167,SURESTE,CD HIDALGO
6.8,13.8,-90.8,65.0,revisado,1979-10-27 15:43:26,1979-10-27 21:43:26,CHIS,180,SURESTE,CD HIDALGO
6.5,15.9,-88.5,24.0,revisado,1980-08-08 23:45:11,1980-08-09 05:45:11,QR,291,SUR,CHETUMAL
6.5,17.8,-102.0,21.0,revisado,1981-07-25 23:14:21,1981-07-26 05:14:21,MICH,28,SURESTE,CD LAZARO CARDENAS
7.3,18.1,-102.1,21.0,revisado,1981-10-24 21:22:16,1981-10-25 03:22:16,MICH,18,NORESTE,LAS GUACAMAYAS
6.7,14.3,-92.1,45.0,revisado,1982-04-06 13:56:53,1982-04-06 19:56:53,CHIS,45,SUR,CD HIDALGO
6.9,16.4,-98.3,6.0,revisado,1982-06-07 00:52:33,1982-06-07 06:52:33,OAX,23,NOROESTE,PINOTEPA NACIONAL
7.0,16.5,-98.3,19.0,revisado,1982-06-07 04:59:40,1982-06-07 10:59:40,GRO,20,SURESTE,OMETEPEC
6.8,16.2,-95.2,50.0,revisado,1983-01-24 02:17:40,1983-01-24 08:17:40,OAX,2,SUROESTE,SALINA CRUZ
7.0,14.0,-92.0,35.0,revisado,1983-12-01 21:09:04,1983-12-02 03:09:04,CHIS,75,SURESTE,CD HIDALGO
8.1,18.4,-102.5,15.0,revisado,1985-09-19 07:17:49,1985-09-19 13:17:49,MICH,45,NOROESTE,LA MIRA
7.6,17.8,-101.7,17.0,revisado,1985-09-20 19:37:14,1985-09-21 01:37:14,GRO,25,NOROESTE,ZIHUATANEJO
6.5,14.3,-91.7,33.0,revisado,1986-03-24 04:34:02,1986-03-24 10:34:02,CHIS,67,SURESTE,CD HIDALGO
7.0,18.4,-103.0,22.0,revisado,1986-04-30 01:07:19,1986-04-30 07:07:19,MICH,48,SUR,COALCOMAN
6.5,33.1,-116.0,10.0,revisado,1987-11-24 07:15:59,1987-11-24 13:15:59,BC,63,NOROESTE,SANTA ISABEL
6.6,26.8,-111.0,12.0,revisado,1988-06-18 16:49:44,1988-06-18 22:49:44,BCS,95,NORESTE,LORETO
6.8,16.8,-99.3,23.0,revisado,1989-04-25 08:29:03,1989-04-25 14:29:03,GRO,12,ESTE,SAN MARCOS
6.5,18.0,-105.7,27.0,revisado,1989-08-28 22:16:26,1989-08-29 04:16:26,JAL,179,SUROESTE,CIHUATLAN
6.7,14.6,-92.8,47.0,revisado,1993-09-03 06:35:05,1993-09-03 12:35:05,CHIS,65,SUROESTE,TAPACHULA
7.2,14.8,-92.7,34.0,revisado,1993-09-10 13:12:57,1993-09-10 19:12:57,CHIS,44,SUROESTE,HUIXTLA
6.6,16.8,-98.8,30.0,revisado,1993-10-24 01:52:19,1993-10-24 07:52:19,GRO,40,OESTE,OMETEPEC
6.6,18.0,-101.5,53.0,revisado,1994-12-10 10:17:40,1994-12-10 16:17:40,GRO,37,NORTE,ZIHUATANEJO
6.5,12.2,-88.4,27.0,revisado,1995-06-14 05:11:50,1995-06-14 11:11:50,CHIS,494,SURESTE,CD HIDALGO
6.5,26.2,-110.4,10.0,revisado,1995-08-28 04:46:12,1995-08-28 10:46:12,BCS,101,ESTE,LORETO
7.3,16.8,-98.7,21.0,revisado,1995-09-14 08:04:33,1995-09-14 14:04:33,GRO,29,NOROESTE,OMETEPEC
8.0,19.0,-104.2,25.0,revisado,1995-10-09 09:35:54,1995-10-09 15:35:54,COL,10,SURESTE,MANZANILLO
7.1,15.9,-98.0,15.0,revisado,1996-02-24 21:08:19,1996-02-25 03:08:19,OAX,52,SUR,PINOTEPA NACIONAL
6.6,17.5,-101.1,22.0,revisado,1996-07-15 16:23:34,1996-07-15 21:23:34,GRO,17,ESTE,PETATLAN
7.1,18.3,-102.6,40.0,revisado,1997-01-11 14:28:26,1997-01-11 20:28:26,MICH,43,NOROESTE,LA MIRA
6.9,19.0,-107.2,15.0,revisado,1997-05-01 06:37:36,1997-05-01 11:37:36,JAL,272,SUROESTE,PUERTO VALLARTA
6.7,15.9,-98.3,15.0,revisado,1997-07-19 09:22:09,1997-07-19 14:22:09,OAX,58,SUROESTE,PINOTEPA NACIONAL
6.6,14.4,-91.9,55.0,revisado,1998-01-10 02:20:06,1998-01-10 08:20:06,CHIS,42,SURESTE,CD HIDALGO
6.7,13.7,-91.9,16.0,revisado,1998-03-02 20:24:42,1998-03-03 02:24:42,CHIS,108,SUR,CD HIDALGO
7.4,16.1,-97.0,39.0,revisado,1999-09-30 11:31:13,1999-09-30 16:31:13,OAX,22,NORESTE,PUERTO ESCONDIDO
7.0,18.0,-102.7,16.0,revisado,2000-08-09 06:41:47,2000-08-09 11:41:47,MICH,35,OESTE,LA MIRA
6.5,18.6,-105.1,12.0,revisado,2001-05-19 23:21:37,2001-05-20 04:21:37,JAL,88,SUROESTE,CIHUATLAN
6.5,16.8,-101.1,22.0,revisado,2002-04-18 00:02:45,2002-04-18 05:02:45,GRO,72,SUROESTE,TECPAN
6.8,13.4,-91.6,17.0,revisado,2003-01-20 20:46:54,2003-01-21 02:46:54,CHIS,156,SURESTE,CD HIDALGO
7.6,18.6,-104.2,9.0,revisado,2003-01-21 20:06:34,2003-01-22 02:06:34,COL,46,SUROESTE,CD DE ARMERIA
6.5,26.5,-110.0,12.0,revisado,2003-03-12 17:41:42,2003-03-12 23:41:42,SON,53,SUROESTE,HUATABAMPO
6.6,28.4,-112.5,15.0,revisado,2006-01-04 02:32:37,2006-01-04 08:32:37,SON,113,SUROESTE,M ALEMAN(LA DOCE)
6.6,14.1,-92.9,23.0,revisado,2008-10-16 14:41:25,2008-10-16 19:41:25,CHIS,103,SUROESTE,CD HIDALGO
6.5,28.9,-112.7,10.0,revisado,2009-08-03 12:59:56,2009-08-03 17:59:56,SON,123,OESTE,M ALEMAN(LA DOCE)
7.2,32.5,-115.4,10.0,revisado,2010-04-04 17:40:42,2010-04-04 22:40:42,BC,23,SURESTE,MEXICALI
6.5,24.7,-109.4,8.0,revisado,2010-10-21 12:53:11,2010-10-21 17:53:11,BCS,107,NORESTE,LA PAZ
6.5,17.8,-100.0,54.0,revisado,2011-12-10 19:47:25,2011-12-11 01:47:25,GRO,50,NOROESTE,ZUMPANGO DEL RIO
7.5,16.3,-98.5,18.0,revisado,2012-03-20 12:02:48,2012-03-20 18:02:48,GRO,46,SUR,OMETEPEC
6.8,28.8,-113.2,5.0,revisado,2012-04-12 02:15:46,2012-04-12 07:15:46,BCS,130,NORESTE,GUERRERO NEGRO
7.3,14.0,-92.3,17.1,revisado,2012-11-07 10:35:50,2012-11-07 16:35:50,CHIS,74,SUR,CD HIDALGO
7.2,17.0,-101.5,18.0,revisado,2014-04-18 09:27:21,2014-04-18 14:27:21,GRO,61,SUROESTE,PETATLAN
6.5,17.0,-100.9,10.0,revisado,2014-05-08 12:00:14,2014-05-08 17:00:14,GRO,40,SUROESTE,TECPAN
6.9,14.7,-92.6,56.7,revisado,2014-07-07 06:23:59,2014-07-07 11:23:59,CHIS,43,SUROESTE,TAPACHULA
6.6,25.0,-109.5,8.2,revisado,2015-09-13 03:14:09,2015-09-13 08:14:09,SIN,100,SUROESTE,LOS MOCHIS
6.5,18.8,-107.0,10.0,revisado,2016-01-21 12:06:58,2016-01-21 18:06:58,JAL,258,OESTE,CIHUATLAN
6.6,10.3,-103.7,10.0,revisado,2016-04-28 20:33:39,2016-04-29 01:33:39,GRO,837,SUROESTE,TECPAN
8.2,14.8,-94.1,45.9,revisado,2017-09-07 23:49:17,2017-09-08 04:49:17,CHIS,140,SUROESTE,PIJIJIAPAN
7.2,16.2,-98.0,16.0,revisado,2018-02-16 17:39:39,2018-02-16 23:39:39,OAX,14,SURESTE,PINOTEPA NACIONAL
7.4,15.8,-96.1,22.8,revisado,2020-06-23 10:29:03,2020-06-23 15:29:03,OAX,4,NORTE,CRUCECITA
7.1,16.8,-100.0,15.0,revisado,2021-09-07 20:47:46,2021-09-08 01:47:46,GRO,14,SUROESTE,ACAPULCO
7.7,18.2,-103.3,12.1,revisado,2022-09-19 13:05:09,2022-09-19 18:05:09,MICH,61,SUR,COALCOMAN
6.9,18.0,-103.2,8.0,revisado,2022-09-22 01:16:08,2022-09-22 06:16:08,MICH,85,SUR,COALCOMAN
6.5,14.8,-94.1,16.1,revisado,2023-07-14 03:29:01,2023-07-14 09:29:01,CHIS,137,SUROESTE,PIJIJIAPAN
